filename,truthValue
frame_id_1015_1.png,KA 51 MD 7045
frame_id_1016_1.png,KA 51 MD 7045
frame_id_1017_1.png,KA 51 MD 7045
frame_id_1018_1.png,KA 51 MD 7045
frame_id_1030_1.png,KA 51 MJ 1928
frame_id_1031_1.png,KA 51 MJ 1928
frame_id_1032_1.png,KA 51 MJ 1928
frame_id_1034_1.png,KA 51 MJ 1928
frame_id_1035_1.png,KA 51 MJ 1928
frame_id_1043_1.png,KA 51 MJ 1928
frame_id_1044_1.png,KA 51 MJ 1928
frame_id_1046_1.png,KA 51 MJ 1928
frame_id_1047_1.png,KA 51 MJ 1928
frame_id_1048_1.png,KA 51 MJ 1928
frame_id_1049_1.png,KA 51 MJ 1928
frame_id_1050_1.png,KA 51 MJ 1928
frame_id_1051_1.png,KA 51 MJ 1928
frame_id_1052_1.png,KA 51 MJ 1928
frame_id_1053_1.png,KA 51 MJ 1928
frame_id_1054_1.png,KA 51 MJ 1928
frame_id_1055_1.png,KA 51 MJ 1928
frame_id_1056_1.png,KA 51 MJ 1928
frame_id_1057_1.png,KA 51 MJ 1928
frame_id_1058_1.png,KA 51 MJ 1928
frame_id_1058_2.png,KA 04 AB 0154
frame_id_1059_1.png,KA 51 MJ 1928
frame_id_1059_2.png,KA 04 AB 0154
frame_id_1060_1.png,KA 51 MJ 1928
frame_id_1060_2.png,KA 04 AB 0154
frame_id_1061_1.png,KA 04 AB 0154
frame_id_1062_1.png,KA 04 AB 0154
frame_id_1063_1.png,KA 04 AB 0154
frame_id_1064_1.png,KA 04 AB 0154
frame_id_1065_1.png,KA 04 AB 0154
frame_id_1066_1.png,KA 04 AB 0154
frame_id_1067_1.png,KA 04 AB 0154
frame_id_1068_1.png,KA 04 AB 0154
frame_id_1069_1.png,KA 04 AB 0154
frame_id_1070_1.png,KA 04 AB 0154
frame_id_1071_1.png,KA 04 AB 0154
frame_id_1072_1.png,KA 04 AB 0154
frame_id_1073_1.png,KA 04 AB 0154
frame_id_1074_1.png,KA 04 AB 0154
frame_id_1075_1.png,KA 04 AB 0154
frame_id_1076_1.png,KA 04 AB 0154
frame_id_1077_1.png,KA 04 AB 0154
frame_id_1078_1.png,KA 04 AB 0154
frame_id_1079_1.png,KA 04 AB 0154
frame_id_1080_1.png,KA 04 AB 0154
frame_id_1094_1.png,KA 03 AA 3219
frame_id_1096_1.png,KA 03 AA 3219
frame_id_1098_1.png,KA 03 AA 3219
frame_id_1100_1.png,KA 16 C 1549
frame_id_1101_1.png,KA 16 C 1549
frame_id_1102_1.png,KA 16 C 1549
frame_id_1103_1.png,KA 16 C 1549
frame_id_1104_1.png,KA 16 C 1549
frame_id_1105_1.png,KA 16 C 1549
frame_id_1106_1.png,KA 16 C 1549
frame_id_1107_1.png,KA 16 C 1549
frame_id_1108_1.png,KA 16 C 1549
frame_id_1109_1.png,KA 16 C 1549
frame_id_1110_1.png,KA 16 C 1549
frame_id_1111_1.png,KA 16 C 1549
frame_id_1112_1.png,KA 16 C 1549
frame_id_1114_1.png,KA 16 C 1549
frame_id_1115_1.png,KA 16 C 1549
frame_id_1116_1.png,KA 16 C 1549
frame_id_1117_1.png,KA 16 C 1549
frame_id_1118_1.png,KA 16 C 1549
frame_id_1119_1.png,KA 16 C 1549
frame_id_1120_1.png,KA 16 C 1549
frame_id_1121_1.png,KA 16 C 1549
frame_id_1122_1.png,KA 16 C 1549
frame_id_1123_1.png,KA 16 C 1549
frame_id_1124_1.png,KA 16 C 1549
frame_id_1125_1.png,KA 16 C 1549
frame_id_1140_1.png,KA 02 AG 9622
frame_id_1146_1.png,KA 02 AG 9622
frame_id_1146_2.png,TN 29 N 2943
frame_id_1147_1.png,KA 02 AG 9622
frame_id_1147_2.png,TN 29 N 2943
frame_id_1148_1.png,KA 02 AG 9622
frame_id_1148_2.png,TN 29 N 2943
frame_id_1149_1.png,TN 29 N 2943
frame_id_1149_2.png,KA 02 AG 9622
frame_id_1151_1.png,TN 29 N 2943
frame_id_1153_1.png,TN 29 N 2943
frame_id_1154_1.png,TN 29 N 2943
frame_id_1155_1.png,TN 29 N 2943
frame_id_1156_1.png,TN 29 N 2943
frame_id_1159_1.png,KA 03 MY 2851
frame_id_1160_1.png,TN 29 N 2943
frame_id_1161_1.png,KA 03 MY 2851
frame_id_1162_1.png,TN 29 N 2943
frame_id_1163_1.png,TN 29 N 2943
frame_id_1164_1.png,TN 29 N 2943
frame_id_1165_1.png,KA 03 MY 2851
frame_id_1166_1.png,TN 29 N 2943
frame_id_1167_1.png,KA 03 MY 2851
frame_id_1168_1.png,TN 29 N 2943
frame_id_1168_2.png,KA 51 MM 3
frame_id_1169_1.png,TN 29 N 2943
frame_id_1169_2.png,KA 51 MM 3
frame_id_1170_1.png,KA 03 MY 2851
frame_id_1171_1.png,KA 03 MY 2851
frame_id_1172_1.png,KA 03 MY 2851
frame_id_1173_1.png,KA 03 MY 2851
frame_id_1174_1.png,TN 29 N 2943
frame_id_1174_2.png,KA 51 MM 3
frame_id_1175_1.png,TN 29 N 2943
frame_id_1175_2.png,KA 51 MM 3
frame_id_1176_1.png,TN 29 N 2943
frame_id_1176_2.png,KA 51 MM 3
frame_id_1177_1.png,KA 03 MY 2851
frame_id_1178_1.png,KA 03 MY 2851
frame_id_1179_1.png,KA 03 MY 2851
frame_id_1180_1.png,KA 03 MY 2851
frame_id_1181_1.png,KA 03 MY 2851
frame_id_1182_1.png,KA 03 MY 2851
frame_id_1183_1.png,KA 03 MY 2851
frame_id_1186_1.png,KA 05 AE 2950
frame_id_1187_1.png,KA 05 AE 2950
frame_id_1188_1.png,KA 05 AE 2950
frame_id_1189_1.png,KA 05 AE 2950
frame_id_1190_1.png,KA 05 AE 2950
frame_id_1191_1.png,KA 51 MM 3
frame_id_1192_1.png,KA 05 AE 2950
frame_id_1193_1.png,KA 05 AE 2950
frame_id_1194_1.png,KA 51 MM 3
frame_id_1195_1.png,KA 05 AE 2950
frame_id_1198_1.png,KA 05 AE 2950
frame_id_1204_1.png,KA 05 AE 2950
frame_id_1205_1.png,KA 05 AE 2950
frame_id_1214_1.png,KA 01 MM 3919
frame_id_1218_1.png,KA 01 MM 3919
frame_id_1219_1.png,KA 01 MM 3919
frame_id_1220_1.png,KA 01 MM 3919
frame_id_1221_1.png,KA 01 MM 3919
frame_id_1222_1.png,KA 01 MM 3919
frame_id_1225_1.png,KA 01 MM 3919
frame_id_1230_1.png,KA 01 MM 3919
frame_id_1232_1.png,KA 01 MM 3919
frame_id_1233_1.png,KA 01 MM 3919
frame_id_1233_2.png,KA 04 AB 4541
frame_id_1234_1.png,KA 01 MM 3919
frame_id_1234_2.png,KA 04 AB 4541
frame_id_1235_1.png,KA 01 MM 3919
frame_id_1235_2.png,KA 04 AB 4541
frame_id_1236_1.png,KA 01 MM 3919
frame_id_1236_2.png,KA 04 AB 4541
frame_id_1237_1.png,KA 01 MM 3919
frame_id_1237_2.png,KA 04 AB 4541
frame_id_1238_1.png,KA 01 MM 3919
frame_id_1238_2.png,KA 04 AB 4541
frame_id_1239_1.png,KA 01 MM 3919
frame_id_1239_2.png,KA 04 AB 4541
frame_id_1240_1.png,KA 01 MM 3919
frame_id_1240_2.png,KA 04 AB 4541
frame_id_1241_1.png,KA 01 MM 3919
frame_id_1241_2.png,KA 04 AB 4541
frame_id_1242_1.png,KA 04 AB 4541
frame_id_1243_1.png,KA 04 AB 4541
frame_id_1244_1.png,KA 04 AB 4541
frame_id_1245_1.png,KA 04 AB 4541
frame_id_1246_1.png,KA 04 AB 4541
frame_id_1247_1.png,KA 04 AB 4541
frame_id_1248_1.png,KA 04 AB 4541
frame_id_1249_1.png,KA 04 AB 4541
frame_id_1250_1.png,KA 04 AB 4541
frame_id_1251_1.png,KA 04 AB 4541
frame_id_1258_1.png,KA 04 AB 4541
frame_id_1285_1.png,TN 01 AS 9145
frame_id_1286_1.png,TN 01 AS 9145
frame_id_1287_1.png,TN 01 AS 9145
frame_id_1288_1.png,TN 01 AS 9145
frame_id_1289_1.png,TN 01 AS 9145
frame_id_1290_1.png,TN 01 AS 9145
frame_id_1291_1.png,TN 01 AS 9145
frame_id_1292_1.png,TN 01 AS 9145
frame_id_1293_1.png,TN 01 AS 9145
frame_id_1294_1.png,TN 01 AS 9145
frame_id_1295_1.png,TN 01 AS 9145
frame_id_1296_1.png,TN 01 AS 9145
frame_id_1297_1.png,TN 01 AS 9145
frame_id_1298_1.png,TN 01 AS 9145
frame_id_1299_1.png,TN 01 AS 9145
frame_id_1300_1.png,TN 01 AS 9145
frame_id_1436_1.png,KA 03 AD 4814
frame_id_1438_1.png,KA 03 AD 4814
frame_id_1440_1.png,KA 03 AD 4814
frame_id_1481_1.png,KA 10 A 0964
frame_id_1483_1.png,KA 10 A 0964
frame_id_1486_1.png,KA 10 A 0964
frame_id_1493_1.png,KA 10 A 0964
frame_id_1494_1.png,KA 10 A 0964
frame_id_1495_1.png,KA 04 MD 7695
frame_id_1496_1.png,KA 04 MD 7695
frame_id_1497_1.png,KA 04 MD 7695
frame_id_1498_1.png,KA 10 A 0964
frame_id_1499_1.png,KA 04 MD 7695
frame_id_1500_1.png,KA 04 MD 7695
frame_id_1501_1.png,KA 04 MD 7695
frame_id_1502_1.png,KA 04 MD 7695
frame_id_1520_1.png,KA 51 MN 3223
frame_id_1521_1.png,KA 51 MN 3223
frame_id_1522_1.png,KA 51 MN 3223
frame_id_1523_1.png,KA 51 MN 3223
frame_id_1524_1.png,KA 51 MN 3223
frame_id_1525_1.png,KA 51 MN 3223
frame_id_1526_1.png,KA 51 MN 3223
frame_id_1527_1.png,KA 51 MN 3223
frame_id_1528_1.png,KA 02 AE 4432
frame_id_1529_1.png,KA 51 MN 3223
frame_id_1530_1.png,KA 51 MN 3223
frame_id_1531_1.png,KA 51 MN 3223
frame_id_1532_1.png,KA 02 AE 4432
frame_id_1533_1.png,KA 02 AE 4432
frame_id_1534_1.png,KA 02 AE 4432
frame_id_1535_1.png,KA 02 AE 4432
frame_id_1536_1.png,KA 04 MJ 8031
frame_id_1536_2.png,KA 02 AE 4432
frame_id_1537_1.png,KA 04 MJ 8031
frame_id_1537_2.png,KA 02 AE 4432
frame_id_1538_1.png,KA 04 MJ 8031
frame_id_1538_2.png,KA 02 AE 4432
frame_id_1539_1.png,KA 04 MJ 8031
frame_id_1540_1.png,KA 04 MJ 8031
frame_id_1541_1.png,KA 04 MJ 8031
frame_id_1542_1.png,KA 04 MJ 8031
frame_id_1543_1.png,KA 04 MJ 8031
frame_id_1544_1.png,KA 04 MJ 8031
frame_id_1545_1.png,KA 04 MJ 8031
frame_id_1546_1.png,KA 04 MJ 8031
frame_id_1547_1.png,KA 04 MJ 8031
frame_id_1548_1.png,KA 04 MJ 8031
frame_id_1549_1.png,KA 04 MJ 8031
frame_id_1550_1.png,KA 03 MZ 3289
frame_id_1551_1.png,KA 03 MZ 3289
frame_id_1552_1.png,KA 03 MZ 3289
frame_id_1553_1.png,KA 04 MJ 8031
frame_id_1554_1.png,KA 04 MJ 8031
frame_id_1555_1.png,KA 04 MJ 8031
frame_id_1556_1.png,KA 03 MZ 3289
frame_id_1557_1.png,KA 04 MJ 8031
frame_id_1577_1.png,KA 02 AG 6593
frame_id_1578_1.png,KA 02 AG 6593
frame_id_1579_1.png,KA 02 AG 6593
frame_id_1580_1.png,KA 02 AG 6593
frame_id_1581_1.png,KA 02 AG 6593
frame_id_1582_1.png,KA 02 AG 6593
frame_id_1595_1.png,KA 04 MS 7204
frame_id_1596_1.png,KA 04 MS 7204
frame_id_1597_1.png,KA 04 MS 7204
frame_id_1611_1.png,KA 50 5098
frame_id_1630_1.png,KA 51 MH 8426
frame_id_1661_1.png,KA 01 FA 2150
frame_id_168_1.png,KA 04 MR 1819
frame_id_169_1.png,KA 04 MR 1819
frame_id_170_1.png,KA 04 MR 1819
frame_id_171_1.png,KA 04 MR 1819
frame_id_172_1.png,KA 04 MR 1819
frame_id_173_1.png,KA 04 MR 1819
frame_id_1747_1.png,KA 01 AK 1528
frame_id_174_1.png,KA 04 MR 1819
frame_id_1750_1.png,KA 01 AK 1528
frame_id_1752_1.png,KA 01 AK 1528
frame_id_1757_1.png,KA 01 AK 1528
frame_id_1758_1.png,KA 01 AK 1528
frame_id_1759_1.png,KA 01 AK 1528
frame_id_175_1.png,KA 04 MR 1819
frame_id_1760_1.png,KA 01 AK 1528
frame_id_1761_1.png,KA 01 AK 1528
frame_id_1768_1.png,KA 01 AK 1528
frame_id_176_1.png,KA 04 MR 1819
frame_id_177_1.png,KA 04 MR 1819
frame_id_178_1.png,KA 04 MR 1819
frame_id_1797_1.png,KA 04 MU 7347
frame_id_179_1.png,KA 04 MR 1819
frame_id_1800_1.png,KA 04 MU 7347
frame_id_180_1.png,KA 04 MR 1819
frame_id_181_1.png,KA 04 MR 1819
frame_id_182_1.png,KA 04 MR 1819
frame_id_183_1.png,KA 04 MR 1819
frame_id_184_1.png,KA 04 MR 1819
frame_id_1850_1.png,KA 03 MY 0887
frame_id_1851_1.png,KA 03 MY 0887
frame_id_1852_1.png,KA 03 MY 0887
frame_id_1853_1.png,KA 03 MY 0887
frame_id_1854_1.png,KA 03 MY 0887
frame_id_1855_1.png,KA 03 MY 0887
frame_id_1856_1.png,KA 03 MY 0887
frame_id_1858_1.png,KA 03 MY 0887
frame_id_1860_1.png,KA 02 AG 0669
frame_id_1860_2.png,KA 03 MY 0887
frame_id_1861_1.png,KA 03 MY 0887
frame_id_1861_2.png,KA 02 AG 0669
frame_id_1862_1.png,KA 03 MY 0887
frame_id_1862_2.png,KA 02 AG 0669
frame_id_1863_1.png,KA 03 MY 0887
frame_id_1863_2.png,KA 02 AG 0669
frame_id_1864_1.png,KA 02 AG 0669
frame_id_1864_2.png,KA 03 MY 0887
frame_id_1865_1.png,KA 02 AG 0669
frame_id_1865_2.png,KA 03 MY 0887
frame_id_1866_1.png,KA 03 MY 0887
frame_id_1866_2.png,KA 02 AG 0669
frame_id_1867_1.png,KA 02 AG 0669
frame_id_1873_1.png,KA 02 AG 0669
frame_id_1874_1.png,KA 02 AG 0669
frame_id_1875_1.png,KA 02 AG 0669
frame_id_1875_2.png,KA 04 MT 9131
frame_id_1877_1.png,KA 02 AG 0669
frame_id_1878_1.png,KA 02 AG 0669
frame_id_1879_1.png,KA 02 AG 0669
frame_id_1880_1.png,KA 02 AG 0669
frame_id_1890_1.png,KA 05 AF 4245
frame_id_1891_1.png,KA 05 AF 4245
frame_id_1893_1.png,KA 04 MT 9131
frame_id_1893_2.png,KA 05 AF 4245
frame_id_1894_1.png,KA 04 MT 9131
frame_id_1894_2.png,KA 05 AF 4245
frame_id_1895_1.png,KA 04 MT 9131
frame_id_1895_2.png,KA 05 AF 4245
frame_id_1896_1.png,KA 05 AF 4245
frame_id_1896_2.png,KA 04 MT 9131
frame_id_1902_1.png,KA 05 AF 4245
frame_id_1905_1.png,KA 05 AF 4245
frame_id_1906_1.png,KA 05 AF 4245
frame_id_1907_1.png,KA 05 AF 4245
frame_id_1908_1.png,KA 05 AF 4245
frame_id_1909_1.png,KA 05 AF 4245
frame_id_191_1.png,KA 04 MQ 3474
frame_id_1934_1.png,KA 51 MA 5039
frame_id_1935_1.png,KA 51 MA 5039
frame_id_1939_1.png,KA 51 MA 5039
frame_id_193_1.png,KA 04 MQ 3474
frame_id_1943_1.png,KA 51 MA 5039
frame_id_1944_1.png,KA 51 MA 5039
frame_id_1948_1.png,KA 51 MA 5039
frame_id_1949_1.png,KA 51 MA 5039
frame_id_194_1.png,KA 04 MQ 3474
frame_id_1950_1.png,KA 51 MA 5039
frame_id_1952_1.png,KA 51 MA 5039
frame_id_1953_1.png,KA 51 MA 5039
frame_id_1954_1.png,KA 51 MA 5039
frame_id_1955_1.png,KA 51 MA 5039
frame_id_1956_1.png,KA 51 MA 5039
frame_id_1957_1.png,KA 51 MA 5039
frame_id_1958_1.png,KA 51 MA 5039
frame_id_195_1.png,KA 04 MQ 3474
frame_id_196_1.png,KA 04 MQ 3474
frame_id_197_1.png,KA 04 MQ 3474
frame_id_1_1.png,KA 01 AF 4548
frame_id_1_2.png,KA 02 AG 2071
frame_id_2009_1.png,KA 03 MP 7474
frame_id_200_1.png,KA 05 AE 5504
frame_id_2010_1.png,KA 03 MP 7474
frame_id_2011_1.png,KA 03 MP 7474
frame_id_2012_1.png,KA 03 MP 7474
frame_id_2013_1.png,KA 03 MP 7474
frame_id_2014_1.png,KA 03 MP 7474
frame_id_2015_1.png,KA 03 MP 7474
frame_id_2016_1.png,KA 03 MP 7474
frame_id_2017_1.png,KA 03 MP 7474
frame_id_2018_1.png,KA 03 MP 7474
frame_id_201_1.png,KA 05 AE 5504
frame_id_2027_1.png,KA 51 AC 9366
frame_id_2028_1.png,KA 51 AC 9366
frame_id_2029_1.png,KA 51 AC 9366
frame_id_202_1.png,KA 05 AE 5504
frame_id_2030_1.png,KA 51 AC 9366
frame_id_2031_1.png,KA 51 AC 9366
frame_id_2032_1.png,KA 51 AC 9366
frame_id_2033_1.png,KA 51 AC 9366
frame_id_2034_1.png,KA 51 AC 9366
frame_id_2035_1.png,KA 51 AC 9366
frame_id_2036_1.png,KA 51 AC 9366
frame_id_2037_1.png,KA 51 AC 9366
frame_id_2039_1.png,KA 51 AC 9366
frame_id_203_1.png,KA 05 AE 5504
frame_id_204_1.png,KA 05 AE 5504
frame_id_205_1.png,KA 05 AE 5504
frame_id_206_1.png,KA 05 AE 5504
frame_id_207_1.png,KA 05 AE 5504
frame_id_208_1.png,KA 05 AE 5504
frame_id_209_1.png,KA 05 AE 5504
frame_id_210_1.png,KA 05 AE 5504
frame_id_211_1.png,KA 05 AE 5504
frame_id_212_1.png,KA 05 AE 5504
frame_id_213_1.png,KA 05 AE 5504
frame_id_214_1.png,KA 05 AE 5504
frame_id_215_1.png,KA 05 AE 5504
frame_id_216_1.png,KA 05 AE 5504
frame_id_217_1.png,KA 05 AE 5504
frame_id_2184_1.png,KA 51 C 5869
frame_id_2186_1.png,KA 51 C 5869
frame_id_2187_1.png,KA 51 C 5869
frame_id_2188_1.png,KA 51 C 5869
frame_id_2189_1.png,KA 51 C 5869
frame_id_218_1.png,KA 04 MQ 6727
frame_id_2190_1.png,KA 51 C 5869
frame_id_2191_1.png,KA 51 C 5869
frame_id_2192_1.png,KA 51 C 5869
frame_id_2193_1.png,KA 51 C 5869
frame_id_2194_1.png,KA 51 C 5869
frame_id_2195_1.png,KA 51 C 5869
frame_id_2196_1.png,KA 51 C 5869
frame_id_2197_1.png,KA 51 C 5869
frame_id_2198_1.png,KA 51 C 5869
frame_id_2199_1.png,KA 51 C 5869
frame_id_219_1.png,KA 04 MQ 6727
frame_id_2200_1.png,KA 51 C 5869
frame_id_2202_1.png,KA 51 C 5869
frame_id_2218_1.png,KA 04 ML 472
frame_id_2231_1.png,KA 04 ML 472
frame_id_2232_1.png,KA 04 ML 472
frame_id_2246_1.png,DL 4C R 1924
frame_id_2261_1.png,KA 01 AK 0042
frame_id_2262_1.png,KA 01 AK 0042
frame_id_2350_1.png,KA 11 B 4381
frame_id_2351_1.png,KA 11 B 4381
frame_id_2352_1.png,KA 11 B 4381
frame_id_2353_1.png,KA 11 B 4381
frame_id_2354_1.png,KA 11 B 4381
frame_id_2355_1.png,KA 11 B 4381
frame_id_2356_1.png,KA 11 B 4381
frame_id_2357_1.png,KA 11 B 4381
frame_id_2358_1.png,KA 11 B 4381
frame_id_2359_1.png,KA 11 B 4381
frame_id_2360_1.png,KA 11 B 4381
frame_id_2361_1.png,KA 11 B 4381
frame_id_2362_1.png,KA 11 B 4381
frame_id_2363_1.png,KA 11 B 4381
frame_id_2364_1.png,KA 11 B 4381
frame_id_2365_1.png,KA 11 B 4381
frame_id_2367_1.png,KA 11 B 4381
frame_id_2408_1.png,KA 09 C 2482
frame_id_2409_1.png,KA 09 C 2482
frame_id_2410_1.png,KA 09 C 2482
frame_id_2411_1.png,KA 09 C 2482
frame_id_2412_1.png,KA 09 C 2482
frame_id_2413_1.png,KA 09 C 2482
frame_id_2414_1.png,KA 09 C 2482
frame_id_2415_1.png,KA 09 C 2482
frame_id_2416_1.png,KA 09 C 2482
frame_id_2417_1.png,KA 09 C 2482
frame_id_2418_1.png,KA 09 C 2482
frame_id_2420_1.png,KA 09 C 2482
frame_id_2422_1.png,KA 09 C 2482
frame_id_2426_1.png,KA 09 C 2482
frame_id_2427_1.png,KA 09 C 2482
frame_id_2428_1.png,KA 09 C 2482
frame_id_2429_1.png,KA 09 C 2482
frame_id_2430_1.png,KA 09 C 2482
frame_id_2432_1.png,KA 51 Z 6572
frame_id_2433_1.png,KA 51 Z 6572
frame_id_2434_1.png,KA 51 Z 6572
frame_id_2435_1.png,KA 51 Z 6572
frame_id_2436_1.png,KA 51 Z 6572
frame_id_2437_1.png,KA 51 Z 6572
frame_id_2438_1.png,KA 51 Z 6572
frame_id_2439_1.png,KA 51 Z 6572
frame_id_2440_1.png,KA 51 Z 6572
frame_id_2441_1.png,KA 51 Z 6572
frame_id_2442_1.png,KA 51 Z 6572
frame_id_2443_1.png,KA 51 Z 6572
frame_id_2444_1.png,KA 51 Z 6572
frame_id_2445_1.png,KA 51 Z 6572
frame_id_2446_1.png,KA 51 Z 6572
frame_id_2464_1.png,KA 50 7136
frame_id_2465_1.png,KA 50 7136
frame_id_2466_1.png,KA 50 7136
frame_id_2468_1.png,KA 50 7136
frame_id_257_1.png,KA 51 B 4985
frame_id_258_1.png,KA 51 B 4985
frame_id_259_1.png,KA 51 B 4985
frame_id_260_1.png,KA 51 B 4985
frame_id_261_1.png,KA 51 B 4985
frame_id_262_1.png,KA 51 B 4985
frame_id_263_1.png,KA 51 B 4985
frame_id_264_1.png,KA 51 B 4985
frame_id_265_1.png,KA 51 B 4985
frame_id_2669_1.png,KA 41 MC 1787
frame_id_266_1.png,KA 51 B 4985
frame_id_267_1.png,KA 51 B 4985
frame_id_268_1.png,KA 51 B 4985
frame_id_269_1.png,KA 51 B 4985
frame_id_270_1.png,KA 51 B 4985
frame_id_2766_1.png,KA 01 FA 2121
frame_id_2767_1.png,KA 01 FA 2121
frame_id_2769_1.png,KA 01 FA 2121
frame_id_2770_1.png,KA 01 FA 2121
frame_id_2771_1.png,KA 01 FA 2121
frame_id_2772_1.png,KA 01 FA 2121
frame_id_2773_1.png,KA 01 FA 2121
frame_id_2775_1.png,KA 01 FA 2121
frame_id_2831_1.png,KA 83 AD 3898
frame_id_2835_1.png,KA 83 AD 3898
frame_id_2836_1.png,KA 83 AD 3898
frame_id_2837_1.png,KA 83 AD 3898
frame_id_2847_1.png,KA 01 MP 4613
frame_id_2849_1.png,KA 01 MP 4613
frame_id_2850_1.png,KA 01 MP 4613
frame_id_2851_1.png,KA 01 MP 4613
frame_id_2852_1.png,KA 01 MP 4613
frame_id_2853_1.png,KA 01 MP 4613
frame_id_2854_1.png,KA 01 MP 4613
frame_id_2855_1.png,KA 01 MP 4613
frame_id_2856_1.png,KA 01 MP 4613
frame_id_2857_1.png,KA 01 MP 4613
frame_id_2858_1.png,KA 01 MP 4613
frame_id_2859_1.png,KA 01 MP 4613
frame_id_2860_1.png,KA 01 MP 4613
frame_id_2861_1.png,KA 01 MP 4613
frame_id_2862_1.png,KA 01 MP 4613
frame_id_2863_1.png,KA 01 MP 4613
frame_id_2864_1.png,KA 01 MP 4613
frame_id_2882_1.png,KA 01 F 4796
frame_id_2888_1.png,KA 01 F 4796
frame_id_2892_1.png,KA 01 F 4796
frame_id_2893_1.png,KA 01 F 4796
frame_id_294_1.png,KA 09 MC 6731
frame_id_295_1.png,KA 09 MC 6731
frame_id_296_1.png,KA 09 MC 6731
frame_id_297_1.png,KA 09 MC 6731
frame_id_298_1.png,KA 09 MC 6731
frame_id_299_1.png,KA 09 MC 6731
frame_id_300_1.png,KA 09 MC 6731
frame_id_301_1.png,KA 09 MC 6731
frame_id_302_1.png,KA 09 MC 6731
frame_id_303_1.png,KA 09 MC 6731
frame_id_304_1.png,KA 09 MC 6731
frame_id_305_1.png,KA 09 MC 6731
frame_id_306_1.png,KA 09 MC 6731
frame_id_307_1.png,KA 09 MC 6731
frame_id_308_1.png,KA 09 MC 6731
frame_id_3096_1.png,TN 02 AA 5258
frame_id_309_1.png,KA 09 MC 6731
frame_id_3109_1.png,KA 04 MR 5476
frame_id_310_1.png,KA 09 MC 6731
frame_id_3110_1.png,KA 04 MR 5476
frame_id_3111_1.png,KA 04 MR 5476
frame_id_3112_1.png,KA 04 MR 5476
frame_id_3113_1.png,KA 04 MR 5476
frame_id_3114_1.png,KA 04 MR 5476
frame_id_3115_1.png,KA 04 MR 5476
frame_id_3116_1.png,KA 04 MR 5476
frame_id_3117_1.png,KA 04 MR 5476
frame_id_311_1.png,KA 09 MC 6731
frame_id_3126_1.png,KA 03 AD 0621
frame_id_3127_1.png,KA 03 AD 0621
frame_id_3128_1.png,KA 03 AD 0621
frame_id_3129_1.png,KA 03 AD 0621
frame_id_312_1.png,KA 09 MC 6731
frame_id_3130_1.png,KA 03 AD 0621
frame_id_3131_1.png,KA 03 AD 0621
frame_id_3132_1.png,KA 03 AD 0621
frame_id_3133_1.png,KA 03 AD 0621
frame_id_313_1.png,KA 09 MC 6731
frame_id_314_1.png,KA 09 MC 6731
frame_id_315_1.png,KA 09 MC 6731
frame_id_316_1.png,KA 04 AB 9839
frame_id_317_1.png,KA 05 AG 4783
frame_id_317_2.png,KA 04 AB 9839
frame_id_319_1.png,KA 05 AG 4783
frame_id_320_1.png,KA 05 AG 4783
frame_id_321_1.png,KA 05 AG 4783
frame_id_322_1.png,KA 05 AG 4783
frame_id_323_1.png,KA 05 AG 4783
frame_id_324_1.png,KA 05 AG 4783
frame_id_325_1.png,KA 05 AG 4783
frame_id_326_1.png,KA 05 AG 4783
frame_id_332_1.png,KA 02 AF 2334
frame_id_340_1.png,KA 03 MM 3415
frame_id_342_1.png,KA 03 MM 3415
frame_id_343_1.png,KA 03 MM 3415
frame_id_344_1.png,KA 03 MM 3415
frame_id_346_1.png,KA 03 MM 3415
frame_id_347_1.png,KA 03 MM 3415
frame_id_348_1.png,KA 01 ML 4325
frame_id_348_2.png,TN 66 Z 4659
frame_id_349_1.png,KA 01 ML 4325
frame_id_349_2.png,TN 66 Z 4659
frame_id_350_1.png,KA 01 ML 4325
frame_id_350_2.png,TN 66 Z 4659
frame_id_351_1.png,KA 01 ML 4325
frame_id_351_2.png,TN 66 Z 4659
frame_id_352_1.png,KA 01 ML 4325
frame_id_352_2.png,TN 66 Z 4659
frame_id_353_1.png,KA 01 ML 4325
frame_id_354_1.png,KA 01 ML 4325
frame_id_355_1.png,KA 01 ML 4325
frame_id_356_1.png,KA 01 ML 4325
frame_id_387_1.png,KA 01 MF 5223
frame_id_388_1.png,KA 01 MF 5223
frame_id_389_1.png,KA 01 MF 5223
frame_id_390_1.png,KA 01 MF 5223
frame_id_391_1.png,KA 01 MF 5223
frame_id_392_1.png,KA 01 MF 5223
frame_id_393_1.png,KA 01 MF 5223
frame_id_394_1.png,KA 01 MF 5223
frame_id_395_1.png,KA 01 MF 5223
frame_id_408_1.png,KA 51 AC 5637
frame_id_409_1.png,KA 51 AC 5637
frame_id_410_1.png,KA 51 AC 5637
frame_id_411_1.png,KA 51 AC 5637
frame_id_412_1.png,KA 51 AC 5637
frame_id_413_1.png,KA 51 AC 5637
frame_id_414_1.png,KA 51 AC 5637
frame_id_415_1.png,KA 51 AC 5637
frame_id_416_1.png,KA 51 AC 5637
frame_id_417_1.png,KA 51 AC 5637
frame_id_418_1.png,KA 51 AC 5637
frame_id_419_1.png,KA 51 AC 5637
frame_id_420_1.png,KA 51 AC 5637
frame_id_421_1.png,KA 51 AC 5637
frame_id_422_1.png,KA 51 AC 5637
frame_id_423_1.png,KA 51 AC 5637
frame_id_427_1.png,KA 51 AC 5637
frame_id_534_1.png,KA 13 C 1748
frame_id_535_1.png,KA 13 C 1748
frame_id_536_1.png,KA 13 C 1748
frame_id_537_1.png,KA 13 C 1748
frame_id_538_1.png,KA 13 C 1748
frame_id_539_1.png,KA 13 C 1748
frame_id_540_1.png,KA 13 C 1748
frame_id_546_1.png,KA 13 C 1748
frame_id_566_1.png,KA 03 AE 8621
frame_id_567_1.png,KA 03 AE 8621
frame_id_568_1.png,KA 03 AE 8621
frame_id_569_1.png,KA 03 AE 8621
frame_id_570_1.png,KA 03 AE 8621
frame_id_571_1.png,KA 03 AE 8621
frame_id_572_1.png,KA 03 AE 8621
frame_id_573_1.png,KA 03 AE 8621
frame_id_574_1.png,KA 03 AE 8621
frame_id_575_1.png,KA 03 AE 8621
frame_id_576_1.png,KA 03 AE 8621
frame_id_577_1.png,KA 03 AE 8621
frame_id_578_1.png,KA 03 AE 8621
frame_id_579_1.png,KA 03 AE 8621
frame_id_580_1.png,KA 03 AE 8621
frame_id_581_1.png,KA 03 AE 8621
frame_id_582_1.png,KA 03 AE 8621
frame_id_583_1.png,KA 03 AE 8621
frame_id_584_1.png,KA 03 AE 8621
frame_id_585_1.png,KA 03 AE 8621
frame_id_586_1.png,KA 03 AE 8621
frame_id_605_1.png,KA 51 AA 8626
frame_id_606_1.png,KA 51 AA 8626
frame_id_610_1.png,KA 51 AA 8626
frame_id_611_1.png,KA 51 AA 8626
frame_id_612_1.png,KA 51 AA 8626
frame_id_614_1.png,KA 51 AA 8626
frame_id_617_1.png,KA 51 AA 8626
frame_id_646_1.png,KA 02 AF 9928
frame_id_647_1.png,KA 02 AF 9928
frame_id_675_1.png,KA 03 MR 4877
frame_id_676_1.png,KA 03 MR 4877
frame_id_677_1.png,KA 03 MR 4877
frame_id_678_1.png,KA 03 MR 4877
frame_id_679_1.png,KA 03 MR 4877
frame_id_680_1.png,KA 03 MR 4877
frame_id_681_1.png,KA 03 MR 4877
frame_id_682_1.png,KA 03 MR 4877
frame_id_683_1.png,KA 03 MR 4877
frame_id_684_1.png,KA 03 MR 4877
frame_id_685_1.png,KA 03 MR 4877
frame_id_686_1.png,KA 03 MR 4877
frame_id_687_1.png,KA 03 MR 4877
frame_id_688_1.png,KA 03 MR 4877
frame_id_689_1.png,KA 03 MR 4877
frame_id_690_1.png,KA 03 MR 4877
frame_id_691_1.png,KA 03 MR 4877
frame_id_692_1.png,KA 03 MR 4877
frame_id_693_1.png,KA 03 MR 4877
frame_id_694_1.png,KA 03 MR 4877
frame_id_695_1.png,KA 03 MR 4877
frame_id_699_1.png,KA 51 D 2402
frame_id_700_1.png,KA 51 D 2402
frame_id_701_1.png,KA 51 D 2402
frame_id_702_1.png,KA 51 D 2402
frame_id_703_1.png,KA 11 A 9887
frame_id_704_1.png,KA 11 A 9887
frame_id_705_1.png,KA 11 A 9887
frame_id_706_1.png,KA 11 A 9887
frame_id_707_1.png,KA 11 A 9887
frame_id_708_1.png,KA 11 A 9887
frame_id_709_1.png,KA 11 A 9887
frame_id_710_1.png,KA 11 A 9887
frame_id_711_1.png,KA 11 A 9887
frame_id_712_1.png,KA 11 A 9887
frame_id_713_1.png,KA 11 A 9887
frame_id_714_1.png,KA 11 A 9887
frame_id_715_1.png,KA 11 A 9887
frame_id_716_1.png,KA 11 A 9887
frame_id_717_1.png,KA 11 A 9887
frame_id_718_1.png,KA 11 A 9887
frame_id_719_1.png,KA 11 A 9887
frame_id_720_1.png,KA 11 A 9887
frame_id_721_1.png,KA 11 A 9887
frame_id_722_1.png,KA 11 A 9887
frame_id_723_1.png,KA 11 A 9887
frame_id_724_1.png,KA 11 A 9887
frame_id_725_1.png,KA 11 A 9887
frame_id_726_1.png,KA 11 A 9887
frame_id_728_1.png,KA 11 A 9887
frame_id_729_1.png,KA 11 A 9887
frame_id_755_1.png,KA 03 MY 2885
frame_id_756_1.png,KA 03 MY 2885
frame_id_757_1.png,KA 03 MY 2885
frame_id_758_1.png,KA 03 MY 2885
frame_id_759_1.png,KA 03 MY 2885
frame_id_760_1.png,KA 03 MY 2885
frame_id_763_1.png,KA 03 MY 2885
frame_id_773_1.png,KA 41 B 0908
frame_id_774_1.png,KA 03 NB 9004
frame_id_775_1.png,KA 41 B 0908
frame_id_776_1.png,KA 41 B 0908
frame_id_777_1.png,KA 03 NB 9004
frame_id_778_1.png,KA 03 NB 9004
frame_id_781_1.png,KA 41 B 0908
frame_id_782_1.png,KA 04 MS 2031
frame_id_783_1.png,KA 04 MS 2031
frame_id_784_1.png,KA 04 MS 2031
frame_id_785_1.png,KA 04 MS 2031
frame_id_786_1.png,KA 04 MS 2031
frame_id_787_1.png,KA 04 MS 2031
frame_id_788_1.png,KA 04 MS 2031
frame_id_789_1.png,KA 04 MS 2031
frame_id_790_1.png,KA 04 MS 2031
frame_id_791_1.png,KA 04 MS 2031
frame_id_792_1.png,KA 04 MS 2031
frame_id_793_1.png,KA 04 MS 2031
frame_id_794_1.png,KA 04 MS 2031
frame_id_795_1.png,KA 41 C 2270
frame_id_795_2.png,KA 04 MS 2031
frame_id_796_1.png,KA 41 C 2270
frame_id_796_2.png,KA 04 MS 2031
frame_id_797_1.png,KA 41 C 2270
frame_id_797_2.png,KA 04 MS 2031
frame_id_799_1.png,KA 41 C 2270
frame_id_799_2.png,KA 04 MS 2031
frame_id_801_1.png,KA 41 C 2270
frame_id_801_2.png,KA 04 MS 2031
frame_id_802_1.png,KA 41 C 2270
frame_id_802_2.png,KA 04 MS 2031
frame_id_804_1.png,KA 41 C 2270
frame_id_804_2.png,KA 04 MS 2031
frame_id_807_1.png,KA 41 C 2270
frame_id_807_2.png,KA 04 MS 2031
frame_id_808_1.png,KA 41 C 2270
frame_id_809_1.png,KA 41 C 2270
frame_id_810_1.png,KA 41 C 2270
frame_id_811_1.png,KA 41 C 2270
frame_id_812_1.png,KA 41 C 2270
frame_id_817_1.png,KA 41 B 2896
frame_id_818_1.png,KA 41 B 2896
frame_id_819_1.png,KA 41 B 2896
frame_id_820_1.png,KA 41 B 2896
frame_id_821_1.png,KA 41 B 2896
frame_id_822_1.png,KA 41 B 2896
frame_id_823_1.png,KA 41 B 2896
frame_id_825_1.png,KA 41 B 2896
frame_id_828_1.png,KA 41 C 2270
frame_id_829_1.png,KA 41 C 2270
frame_id_832_1.png,KA 53 A 9800
frame_id_833_1.png,KA 53 A 9800
frame_id_834_1.png,KA 53 A 9800
frame_id_835_1.png,KA 53 A 9800
frame_id_836_1.png,KA 53 A 9800
frame_id_837_1.png,KA 53 A 9800
frame_id_848_1.png,KA 01 ME 7478
frame_id_849_1.png,KA 01 ME 7478
frame_id_855_1.png,KA 01 ME 7478
frame_id_856_1.png,KA 01 ME 7478
frame_id_862_1.png,KA 01 ME 7478
frame_id_866_1.png,KA 01 ME 7478
frame_id_868_1.png,KA 01 ME 7478
